{
  "project_info": {
    "project_number": "599968913366",
    "project_id": "soscleaning-844af",
    "storage_bucket": "soscleaning-844af.appspot.com"
  },
  "client": [
    {
      "client_info": {
        "mobilesdk_app_id": "1:599968913366:android:7757a29c0946c98acf7677",
        "android_client_info": {
          "package_name": "com.example.app"
        }
      },
      "oauth_client": [],
      "api_key": [
        {
          "current_key": "AIzaSyC4wlwblUU9nRa0nueaVUAjbS42R4XKXZY"
        }
      ],
      "services": {
        "appinvite_service": {
          "other_platform_oauth_client": []
        }
      }
    }
  ],
  "configuration_version": "1"
}